<?xml version="1.0" encoding="UTF-8"?>
  <SupportAssistPrebootDiagnosticLog>
    <Schema>1.0.0</Schema>
    <LogNumber>29</LogNumber>
    <LogTimeStamp>03/28/2021 03:43:01</LogTimeStamp>
    <ePSA_Data>
      <Result>Pass</Result>
      <ReturnCode>BOOT_HOST_OS</ReturnCode>
      <DevicesTested>Fan</DevicesTested>
      <LogData>
        <ePSALogTimeStamp>03/28/2021 03:42:49</ePSALogTimeStamp>
        <ePSAVersion>4304</ePSAVersion>
        <ErrorCode>2000:0000</ErrorCode>
        <ValidationCode>129236</ValidationCode>
        <ErrorMessage><![CDATA[ePSA quick test pass]]></ErrorMessage>
        <MemRxHealed>FALSE</MemRxHealed>
      </LogData>
      <ePSAInfo><![CDATA[serviceTag=2560CH2&errCode=0000&ValCode=129236&uID=007AC]]></ePSAInfo>
      <ePSAFullVersion>4304.07</ePSAFullVersion>
      <ePSAInvocationCount>1</ePSAInvocationCount>
    </ePSA_Data>
    <BIOS_Data>
      <ErrorCategory>PRV_FAN_FAIL</ErrorCategory>
      <ErrorMessage><![CDATA[Alert! Previous fan failure.]]></ErrorMessage>
      <FRU_String><![CDATA[Previous Fan]]></FRU_String>
      <SOS_Available>FALSE</SOS_Available>
      <TimeOutSeconds>0</TimeOutSeconds>
    </BIOS_Data>
  </SupportAssistPrebootDiagnosticLog>
