<?xml version="1.0" encoding="UTF-8"?>
  <SupportAssistPrebootDiagnosticLog>
    <Schema>1.0.0</Schema>
    <LogNumber>28</LogNumber>
    <LogTimeStamp>03/19/2021 22:55:00</LogTimeStamp>
    <ePSA_Data>
      <Result>Not Reported</Result>
      <ReturnCode>BOOT_HOST_OS</ReturnCode>
      <ePSAFullVersion>4304.07</ePSAFullVersion>
      <ePSAInvocationCount>6</ePSAInvocationCount>
    </ePSA_Data>
    <BIOS_Data>
      <ErrorCategory>KBD_FAIL</ErrorCategory>
      <ErrorMessage><![CDATA[Alert! Keyboard not found.]]></ErrorMessage>
      <SOS_Available>FALSE</SOS_Available>
      <TimeOutSeconds>3</TimeOutSeconds>
    </BIOS_Data>
  </SupportAssistPrebootDiagnosticLog>
